,0,1,2
0,dursley,pretend,
1,dursleys,shudder,
2,dursleys,know,
3,story,start,
4,dursley,hum,
5,none,notice,flutter
6,dursley,pick,briefcase
7,dursley,chortle,
8,,jerk,head
9,dursley,blink,
10,,watch,cat
11,,read,sign
12,cat,read,map
13,dursley,give,shake
14,dursley,bear,people
15,,drum,finger
16,,strike,dursley
17,traffic,move,
18,dursley,sit,
19,most,see,owl
20,,make,call
21,bunch,whisper,
22,son,stop,
23,fear,flood,
24,,put,receiver
25,,see,boy
26,face,split,
27,muggles,celebrate,
28,man,hug,dursley
29,dursley,stand,
30,dursley,say,
31,cat,move,
32,,give,look
33,dursley,wonder,
34,dursley,have,day
35,dursley,try,
36,newscaster,allow,
37,ted,know,
38,,have,downpour
39,people,celebrate,night
40,,promise,night
41,dursley,sit,
42,dursley,come,
43,,clear,throat
44,dursley,look,
45,dursley,mumble,
46,,snap,dursley
47,dursley,sip,tea
48,dursley,wonder,
49,dursley,say,
50,,say,word
51,dursley,creep,
52,,star,drive
53,,imagine,thing
54,dursleys,get,
55,dursley,fell,
56,potters,know,
57,dursley,drift,
58,eye,fix,
59,man,appear,
60,tail,twitch,
61,,wear,robe
62,dumbledore,seem,
63,sight,seem,
64,lamp,go,
65,,click,outer
66,dumbledore,slip,outer
67,,wear,cloak
68,mcgonagall,say,
69,,pass,feast
70,mcgonagall,sniff,
71,,jerk,head
72,,shoot,star
73,dumbledore,say,
74,,have,little
75,mcgonagall,say,
76,muggles,find,
77,dumbledore,say,
78,mcgonagall,say,
79,person,call,
80,nonsense,try,
81,mcgonagall,flinch,
82,,see,reason
83,mcgonagall,say,
84,dumbledore,say,
85,mcgonagall,shoot,look
86,reason,fix,dumbledore
87,dumbledore,choose,drop
88,dumbledore,bow,head
89,mcgonagall,gasp,
90,dumbledore,reach,
91,voice,tremble,
92,,kill,boy
93,one,know,
94,dumbledore,nod,
95,,falter,mcgonagall
96,people,kill,boy
97,harry,survive,
98,dumbledore,say,
99,mcgonagall,pull,handkerchief
100,dumbledore,give,sniff
101,planet,move,
102,,make,sense
103,mcgonagall,say,
104,,mean,people
105,,cry,mcgonagall
106,,find,people
107,,get,son
108,potter,come,
109,dumbledore,say,
110,,write,letter
111,mcgonagall,sit,
112,people,understand,
113,child,know,name
114,dumbledore,say,
115,mcgonagall,open,mouth
116,boy,get,
117,,eye,cloak
118,hagrid,bring,
119,dumbledore,say,
120,mcgonagall,say,
121,sound,break,silence
122,,hold,bundle
123,dumbledore,say,
124,giant,say,
125,black,lend,
126,dumbledore,bend,
127,,see,cut
128,mcgonagall,whisper,
129,dumbledore,say,
130,scars,come,
131,dumbledore,take,harry
132,,say,bye
133,,ask,hagrid
134,,bend,head
135,hagrid,let,howl
136,,wake,muggles
137,hagrid,sob,
138,can't,stand,
139,mcgonagall,whisper,
140,,lay,harry
141,mcgonagall,blink,
142,dumbledore,say,
143,hagrid,say,
144,,sirius,bike
145,dumbledore,say,
146,mcgonagall,blow,nose
147,dumbledore,turn,
148,,make,cat
149,,see,bundle
150,,turn,heel
151,breeze,ruffle,hedge
152,potter,roll,
153,hand,close,
154,year,pass,
155,photograph,show,
156,room,hold,sign
157,harry,wake,
158,aunt,rap,
159,harry,hear,
160,harry,say,
161,harry,groan,
162,aunt,snap,
163,harry,get,
164,,find,pair
165,dudley,want,
166,harry,look,
167,,wear,glass
168,,ask,question
169,,ask,question
170,vernon,enter,kitchen
171,,comb,hair
172,vernon,look,
173,harry,have,haircut
174,harry,fry,egg
175,dudley,look,
176,harry,say,
177,harry,put,plate
178,dudley,count,present
179,face,fell,
180,dudley,say,
181,harry,begin,
182,petunia,scent,danger
183,dudley,think,
184,petunia,say,
185,dudley,sit,
186,vernon,chuckle,
187,tyke,want,
188,,ruffle,hair
189,rang,go,
190,,rip,paper
191,,jerk,head
192,mouth,fell,
193,parent,take,
194,harry,hat,
195,house,smell,
196,petunia,say,
197,harry,know,
198,vernon,suggest,
199,,hat,boy
200,dursleys,speak,
201,petunia,snap,
202,petunia,look,
203,harry,say,
204,petunia,say,
205,dudley,begin,
206,mummy,let,
207,dudley,yell,
208,sp-,spoil,
209,petunia,say,
210,dudley,stop,
211,harry,sit,
212,harry,say,
213,vernon,believe,
214,,take,pair
215,dudley,laugh,
216,,give,week
217,petunia,try,
218,petunia,decide,
219,gang,chase,
220,dursleys,receive,letter
221,harry,suppose,
222,vernon,complain,
223,harry,say,
224,vernon,crash,
225,dudley,snigger,
226,harry,say,
227,dursleys,buy,dudley
228,,buy,pop
229,harry,think,
230,harry,felt,
231,sort,crawl,
232,dudley,want,
233,dudley,find,snake
234,,wrap,body
235,dudley,stand,
236,vernon,tap,
237,dudley,order,
238,vernon,rap,glass
239,dudley,moan,
240,harry,move,
241,snake,open,eye
242,,raise,head
243,harry,star,
244,snake,jerk,head
245,,get,that
246,harry,murmur,
247,snake,nod,
248,harry,ask,
249,snake,jab,tail
250,harry,peer,
251,shout,make,
252,dudley,come,
253,harry,fell,
254,piers,lean,
255,front,vanish,
256,snake,uncoil,
257,people,scream,
258,harry,swear,
259,voice,say,
260,director,make,
261,piers,could,
262,snake,do,
263,vernon,wait,
264,harry,lay,
265,,remember,parent
266,aunt,speak,
267,hat,bow,
268,petunia,rush,
269,woman,dress,
270,man,shake,hand
271,escape,earn,punishment
272,holiday,start,
273,polkiss,go,
274,harry,go,
275,dudley,think,
276,,tell,harry
277,harry,say,
278,petunia,take,dudley
279,dudley,parade,
280,boy,wear,tailcoat
281,,carry,stick
282,vernon,say,gruffly
283,harry,trust,
284,,ask,petunia
285,lip,tighten,
286,harry,look,
287,petunia,snap,
288,harry,doubt,this
289,dudley,come,
290,vernon,open,newspaper
291,,hear,click
292,vernon,say,
293,harry,dodge,stick
294,thing,lay,
295,harry,pick,
296,one,write,
297,,get,note
298,wa,address,
299,cupboard,drive,surrey
300,harry,saw,
301,vernon,shout,
302,harry,go,
303,,hand,bill
304,vernon,rip,bill
305,,inform,petunia
306,,ate,whelk
307,dudley,say,
308,dad,get,
309,harry,say,
310,face,go,
311,dudley,try,
312,petunia,take,
313,,clutch,throat
314,,give,tap
315,harry,say,
316,vernon,croak,
317,harry,move,
318,,want,letter
319,dudley,demand,
320,dudley,win,
321,,mutter,vernon
322,,have,one
323,,stamp,nonsense
324,,visit,harry
325,harry,say,
326,vernon,say,
327,couple,fell,
328,,take,breath
329,aunt,think,
330,harry,say,
331,,ask,question
332,,snap,uncle
333,,take,stuff
334,,take,harry
335,,need,room
336,harry,think,
337,vernon,keep,
338,vernon,make,
339,vernon,straighten,
340,dudley,go,
341,harry,walk,
342,that,mean,
343,harry,turn,
344,,wake,dursleys
345,heart,hammer,
346,lights,click,
347,vernon,lie,
348,harry,shuffle,
349,harry,see,letter
350,vernon,go,
351,vernon,say,
352,letter,arrive,
353,vernon,stay,
354,,get,hammer
355,,hum,tiptoe
356,thing,begin,
357,letter,find,way
358,petunia,shred,letter
359,dudley,ask,harry
360,vernon,sit,
361,,remind,letter
362,letter,come,
363,dursleys,duck,
364,vernon,seize,harry
365,vernon,slam,door
366,vernon,say,
367,,pack,clothes
368,,wrench,way
369,father,hit,
370,petunia,dare,
371,vernon,take,turn
372,,have,day
373,vernon,stop,
374,dudley,share,room
375,dudley,snore,
376,,eat,cornflakes
377,,get,undred
378,harry,make,grab
379,woman,star,
380,vernon,say,
381,petunia,suggest,
382,none,know,
383,thing,happen,
384,dudley,ask,petunia
385,vernon,park,
386,drop,beat,
387,ley,snivel,
388,,tell,mother
389,this,remind,harry
390,dursleys,give,hanger
391,,carry,package
392,,found,place
393,vernon,point,
394,vernon,say,
395,gentleman,agree,
396,vernon,say,
397,spray,creep,neck
398,,reach,rock
399,,smell,wind
400,ration,turn,
401,harry,agree,
402,storm,blow,
403,spray,splatter,wall
404,petunia,find,blanket
405,storm,rag,
406,harry,sleep,
407,dial,tell,harry
408,harry,hear,
409,rock,crumble,
410,,wake,dudley
411,shack,sit,bolt
412,giant,stand,
413,giant,squeeze,way
414,noise,drop,
415,stranger,say,
416,dudley,squeak,
417,giant,say,
418,harry,look,
419,giant,say,
420,yeh,look,
421,vernon,make,noise
422,vernon,make,noise
423,,pull,box
424,harry,open,
425,harry,look,
426,giant,chuckle,
427,,hold,hand
428,eye,fell,
429,,fill,hut
430,giant,sit,
431,,say,thing
432,vernon,say,
433,giant,chuckle,
434,,pass,sausage
435,giant,take,gulp
436,harry,say,
437,hagrid,look,
438,harry,say,
439,yeh,wonder,
440,,ask,harry
441,hagrid,thunder,
442,dursleys,cower,
443,ter,tell,
444,harry,think,
445,hagrid,wave,hand
446,hagrid,look,
447,vernon,whisper,
448,hagrid,star,
449,hagrid,run,finger
450,don,know,
451,vernon,find,voice
452,syllable,tremble,
453,harry,say,
454,petunia,give,gasp
455,hagrid,say,
456,hagrid,say,
457,harry,stretch,hand
458,,pull,letter
459,term,begin,
460,,await,owl
461,mcgonagall,explode,
462,,await,owl
463,hagrid,say,
464,,scribble,note
465,hagrid,roll,note
466,harry,realize,
467,hagrid,say,
468,hagrid,grunt,
469,hagrid,say,
470,harry,say,
471,,get,letter
472,harry,go,
473,crash,kill,potter
474,potter,knowin,story
475,harry,ask,
476,anger,fade,
477,,expect,this
478,yeh,know,much
479,don,know,
480,,throw,look
481,yeh,know,much
482,hagrid,gulp,
483,harry,suggest,
484,-can't,spell,
485,hagrid,shudder,
486,don,make,
487,wizard,start,follower
488,some,want,power
489,thing,happen,
490,ter,want,
491,hagrid,pull,handkerchief
492,,know,mum
493,ter,make,job
494,one,live,
495,,saw,flash
496,hagrid,watch,
497,,took,yeh
498,,brought,ter
499,vernon,say,
500,vernon,seem,
501,hagrid,say,
502,,try,ter
503,some,say,
504,some,say,
505,people,come,ours
506,some,come,
507,most,reckon,
508,hagrid,look,
509,hagrid,chuckle,
510,harry,look,
511,thing,happen,
512,,set,constrictor
513,harry,look,
514,hagrid,say,
515,vernon,go,
516,,read,letter
517,harry,saw,
518,vernon,roar,
519,,cast,look
520,hagrid,look,
521,,cast,look
522,ter,take,
523,,ask,harry
524,ter,tell,truth
525,,snap,wand
526,dumbledore,let,
527,hagrid,say,
528,,get,that
529,,take,coat
530,harry,wake,
531,,keep,eye
532,,open,eye
533,harry,mumble,
534,harry,scramble,
535,owl,swoop,
536,owl,flutter,
537,harry,try,
538,harry,say,
539,hagrid,grunt,
540,,want,paper
541,coat,seem,
542,harry,pull,handful
543,hagrid,say,
544,harry,count,coin
545,hagrid,yawn,
546,ter,get,
547,harry,turn,coin
548,hagrid,say,
549,,get,money
550,hagrid,say,
551,d'yeh,think,
552,didn,keep,gold
553,teh,say,cake
554,harry,drop,bit
555,,tell,that
556,hagrid,draw,
557,thing,know,
558,harry,follow,hagrid
559,vernon,hire,
560,harry,ask,
561,hagrid,say,
562,magic,get,yeh
563,hagrid,say,
564,harry,say,
565,hagrid,pull,umbrella
566,harry,ask,
567,hagrid,say,
568,harry,sit,
569,,have,question
570,harry,ask,
571,hagrid,say,
572,fudge,get,job
573,,pelt,advice
574,boat,bump,
575,hagrid,fold,newspaper
576,passersby,star,lot
577,harry,blame,
578,hagrid,say,
579,,like,dragon
580,,like,one
581,,reach,station
582,hagrid,give,bill
583,people,star,
584,hagrid,take,seat
585,,get,letter
586,harry,take,envelope
587,hagrid,say,
588,harry,unfold,piece
589,student,require,
590,hat,wear,3
591,cloak,note,
592,guide,set,set
593,students,bring,owl
594,parents,are,
595,,allowed,broomsticks
596,,buy,this
597,harry,wonder,aloud
598,hagrid,say,
599,,pass,shop
600,cauldron,say,
601,harry,notice,
602,eye,slide,
603,hagrid,steer,
604,woman,sit,
605,one,smoke,pipe
606,man,talk,
607,buzz,stop,
608,hagrid,say,
609,cauldron,go,
610,bartender,whisper,
611,potter,welcome,
612,harry,know,
613,woman,puff,
614,hagrid,beam,
615,harry,find,
616,crockford,believe,
617,harry,say,
618,,hear,that
619,crockford,keep,
620,man,make,way
621,hagrid,say,
622,,teach,sort
623,,mutter,quirrell
624,others,let,
625,,take,minute
626,hagrid,manage,
627,crockford,shake,hand
628,hagrid,grin,
629,,told,yeh
630,,take,ter
631,,get,experience
632,head,swim,
633,hagrid,count,brick
634,,tap,wall
635,,face,large
636,hagrid,say,
637,harry,look,
638,sun,shine,
639,stirring,say,
640,hagrid,say,
641,harry,wish,
642,,turn,head
643,woman,shake,head
644,hooting,come,
645,harry,hear,
646,window,stack,
647,hagrid,say,
648,,reach,building
649,hagrid,say,
650,,face,pair
651,hagrid,say,
652,pair,bow,
653,goblin,sit,
654,hagrid,make,
655,hagrid,say,
656,,take,outta
657,hagrid,say,
658,goblin,wrinkle,nose
659,harry,watch,goblin
660,hagrid,say,
661,goblin,look,
662,that,seem,
663,hagrid,say,
664,goblin,read,letter
665,,follow,griphook
666,harry,ask,
667,hagrid,say,
668,dumbledore,trust,
669,ter,tell,that
670,griphook,hold,door
671,griphook,whistle,
672,harry,try,
673,cart,seem,
674,eye,sting,
675,hagrid,say,
676,don,ask,question
677,griphook,unlock,door
678,yours,smile,hagrid
679,dursleys,know,
680,hagrid,help,
681,,keep,rest
682,griphook,say,
683,air,become,
684,griphook,say,
685,,stroke,door
686,griphook,say,
687,harry,ask,
688,griphook,say,
689,,notice,package
690,hagrid,pick,
691,harry,long,
692,hagrid,say,
693,cart,ride,
694,harry,know,
695,hagrid,say,
696,,hate,cart
697,harry,enter,shop
698,,got,lot
699,face,stand,
700,malkin,stand,harry
701,boy,say,
702,harry,say,
703,boy,say,
704,,get,broom
705,boy,go,
706,harry,say,
707,,play,quidditch
708,harry,say,
709,father,say,
710,harry,say,
711,harry,say,
712,boy,say,
713,hagrid,stand,
714,boy,say,
715,harry,say,
716,,like,boy
717,harry,say,
718,boy,say,
719,harry,say,
720,other,say,
721,some,hear,
722,malkin,say,
723,boy,say,
724,hagrid,say,
725,harry,lie,
726,harry,cheer,
727,,keep,forgettin
728,harry,say,
729,,tell,hagrid
730,,grow,name
731,harry,say,
732,hagrid,say,
733,hagrid,say,
734,,buy,book
735,,bewitch,friends
736,hagrid,say,
737,hagrid,let,
738,,visit,apothecary
739,jar,line,wall
740,harry,examine,horn
741,hagrid,check,list
742,,get,yeh
743,harry,felt,
744,,tell,yeh
745,toad,go,
746,,leave,emporium
747,harry,carry,cage
748,gruffly,say,
749,don,expect,
750,ollivanders,leave,place
751,,read,ollivanders
752,wand,lay,
753,,swallow,lot
754,back,prickle,
755,dust,seem,
756,voice,say,
757,harry,jump,
758,hagrid,jump,
759,man,stand,
760,harry,say,
761,man,say,
762,ollivander,move,
763,harry,wish,
764,father,favor,wand
765,ollivander,come,
766,harry,see,
767,ollivander,touch,scar
768,,shake,head
769,hagrid,say,
770,ollivander,say,
771,hagrid,say,
772,ollivander,say,
773,hagrid,say,
774,harry,notice,
775,ollivander,say,
776,,pull,measure
777,harry,say,
778,,hold,arm
779,,measure,harry
780,,use,hair
781,harry,realize,
782,ollivander,flit,
783,,try,one
784,harry,take,wand
785,harry,try,
786,pile,mount,
787,,find,match
788,harry,take,wand
789,,felt,warmth
790,,raise,wand
791,hagrid,whoop,
792,,put,wand
793,ollivander,fix,harry
794,,remember,wand
795,harry,swallow,
796,thing,happen,
797,harry,shiver,
798,,pay,galleons
799,sun,hang,
800,harry,realize,
801,,buy,hamburger
802,harry,keep,
803,hagrid,say,
804,,have,birthday
805,,expect,thing
806,parent,die,
807,hagrid,lean,
808,,wear,smile
809,hagrid,help,harry
810,,see,yeh
811,train,pull,
812,harry,keep,
813,harry,tick,
814,,clear,throat
815,vernon,grunt,
816,vernon,grunt,
817,harry,suppose,
818,harry,say,
819,harry,say,
820,,pull,ticket
821,aunt,star,
822,vernon,say,
823,vernon,say,
824,harry,ask,
825,vernon,growl,
826,harry,wake,
827,,check,list
828,petunia,talk,dudley
829,,reach,cross
830,vernon,dump,trunk
831,harry,think,
832,vernon,say,
833,harry,turn,
834,three,laugh,
835,mouth,go,
836,,stop,guard
837,guard,hear,
838,harry,ask,
839,guard,stride,
840,harry,try,
841,hagrid,forget,
842,group,pass,
843,harry,swing,
844,each,push,trunk
845,harry,push,cart
846,mother,say,
847,,pip,girl
848,boy,march,
849,harry,watch,
850,woman,say,fred
851,boy,say,
852,boy,say,
853,twin,call,
854,brother,walk,
855,harry,say,
856,harry,say,
857,harry,say,
858,,push,trolley
859,people,jostle,
860,harry,walk,
861,,close,eye
862,,open,eye
863,engine,wait,
864,express,say,
865,harry,look,
866,smoke,drift,
867,owls,hoot,
868,harry,push,cart
869,,pass,boy
870,,give,look
871,boy,lift,lid
872,harry,press,
873,,put,hedwig
874,hand,want,
875,harry,pant,
876,harry,say,
877,one,say,
878,twin,say,
879,twin,say,
880,harry,say,
881,potter,chorus,twin
882,harry,say,
883,boy,gawk,
884,twin,hop,
885,harry,sit,
886,mother,take,handkerchief
887,boy,try,
888,one,say,
889,ron,say,
890,mother,say,
891,boy,come,
892,one,say,
893,twin,say,
894,percy,say,
895,one,say,
896,mother,say,
897,,send,owl
898,,kiss,percy
899,,behave,yourselves
900,,blow,toilet
901,,blown,toilet
902,,blow,toilet
903,ron,say,
904,harry,lean,
905,harry,hear,voice
906,,saw,scar
907,mother,become,
908,,need,reminding
909,,keep,hair
910,whistle,sound,
911,mother,say,
912,,send,load
913,,send,seat
914,train,begin,
915,harry,watch,girl
916,houses,flash,
917,harry,felt,leap
918,harry,shake,head
919,harry,saw,
920,jordan,get,tarantula
921,ron,mumble,
922,twin,say,
923,harry,say,
924,twin,slide,
925,ron,blurt,
926,harry,nod,
927,ron,say,
928,harry,pull,bang
929,ron,star,
930,harry,say,
931,ron,say,
932,,remember,lot
933,ron,say,
934,,ask,harry
935,ron,say,
936,,know,load
937,ron,say,
938,ron,say,
939,,get,robe
940,ron,reach,
941,scabbers,wake,
942,percy,get,owl
943,ear,go,
944,harry,think,
945,,have,money
946,this,seem,
947,harry,say,
948,train,carry,
949,,speed,field
950,woman,slide,door
951,harry,go,
952,,have,money
953,,get,some
954,ron,star,
955,harry,say,
956,ron,take,package
957,,pull,one
958,harry,say,
959,ron,say,
960,harry,ask,ron
961,ron,say,
962,,miss,agrippa
963,,get,hundred
964,harry,unwrap,frog
965,,show,face
966,,wear,glass
967,harry,say,
968,ron,say,
969,dumbledore,enjoy,music
970,harry,turn,card
971,ron,say,
972,,get,morgana
973,eye,stray,
974,harry,say,
975,people,stay,
976,ron,sound,
977,harry,star,
978,,tear,eye
979,ron,warn,harry
980,,get,one
981,george,reckon,
982,ron,pick,bean
983,bleaaargh,see,
984,harry,get,toast
985,countryside,become,
986,field,go,
987,harry,say,
988,boy,say,
989,ron,say,
990,,bring,scabbers
991,rat,snooze,
992,ron,say,
993,hair,poke,
994,,raise,wand
995,,wear,robe
996,,see,toad
997,ron,say,
998,,do,magic
999,,clear,throat
1000,,wave,wand
1001,scabbers,stay,
1002,girl,say,
1003,,try,spell
1004,,learn,book
1005,harry,look,
1006,ron,mutter,
1007,harry,say,
1008,hermione,say,
1009,,get,book
1010,harry,say,
1011,hermione,say,
1012,either,know,
1013,ron,say,
1014,,throw,wand
1015,,ask,harry
1016,ron,say,
1017,gloom,seem,
1018,ron,say,
1019,harry,wonder,
1020,ron,say,
1021,harry,star,
1022,dad,say,
1023,harry,turn,news
1024,ron,ask,
1025,harry,confess,
1026,ron,look,
1027,,take,harry
1028,boy,enter,
1029,,say,that
1030,harry,say,
1031,boy,say,
1032,ron,give,cough
1033,malfoy,look,
1034,,think,name
1035,father,tell,
1036,,hold,hand
1037,malfoy,go,
1038,harry,stand,
1039,,say,that
1040,malfoy,sneer,
1041,harry,say,
1042,,eat,food
1043,goyle,reach,
1044,rat,hang,
1045,three,disappear,
1046,ron,say,
1047,,meet,malfoy
1048,harry,explain,
1049,ron,say,
1050,dad,believe,
1051,ron,say,
1052,hermione,say,
1053,,get,dirt
1054,ron,glare,
1055,harry,peer,
1056,,see,mountain
1057,train,seem,
1058,,take,jacket
1059,,see,sneaker
1060,,reach,hogwarts
1061,stomach,lurch,
1062,,cram,pocket
1063,train,slow,
1064,people,push,way
1065,harry,shiver,
1066,lamp,come,
1067,face,beam,
1068,,mind,step
1069,year,follow,
1070,,follow,hagrid
1071,neville,sniff,
1072,path,open,
1073,hagrid,call,
1074,hagrid,shout,
1075,fleet,move,
1076,,bend,head
1077,hagrid,say,
1078,,cry,neville
1079,,clamber,passageway
1080,,walk,flight
1081,,get,toad
1082,hagrid,raise,fist
1083,door,swing,
1084,witch,stand,
1085,hagrid,say,
1086,,pull,door
1087,,follow,mcgonagall
1088,harry,hear,drone
1089,mcgonagall,say,
1090,banquet,begin,
1091,triumph,earn,point
1092,,award,cup
1093,ceremony,take,place
1094,eye,linger,
1095,harry,try,
1096,mcgonagall,say,
1097,,leave,chamber
1098,harry,swallow,
1099,,ask,ron
1100,fred,say,
1101,heart,give,jolt
1102,,know,magic
1103,one,talk,
1104,harry,try,
1105,,keep,eye
1106,mcgonagall,come,
1107,people,scream,
1108,ghost,stream,
1109,,give,chance
1110,,give,name
1111,ghost,notice,year
1112,friar,say,
1113,people,nod,
1114,friar,say,
1115,voice,say,
1116,mcgonagall,return,
1117,ghost,float,
1118,mcgonagall,tell,year
1119,harry,get,
1120,harry,imagine,place
1121,mcgonagall,lead,year
1122,hundred,look,
1123,ghost,shine,silver
1124,harry,look,
1125,,hear,whisper
1126,harry,look,
1127,petunia,let,
1128,harry,think,
1129,hat,twitch,
1130,rip,open,
1131,those,find,kind
1132,hall,burst,
1133,ron,whisper,
1134,hat,seem,
1135,mcgonagall,step,
1136,girl,stumble,
1137,,shout,hat
1138,table,cheer,
1139,harry,saw,
1140,,shout,hat
1141,ravenclaws,stand,
1142,harry,see,
1143,bulstrode,become,
1144,hat,shout,house
1145,finnigan,sit,
1146,hermione,run,
1147,,shout,hat
1148,ron,groan,
1149,thought,strike,harry
1150,hat,take,time
1151,neville,run,
1152,hat,touch,head
1153,malfoy,go,
1154,whisper,break,
1155,voice,say,
1156,harry,grip,edge
1157,voice,say,
1158,harry,hear,
1159,,take,hat
1160,prefect,get,
1161,,get,potter
1162,harry,sit,
1163,ghost,pat,arm
1164,,see,table
1165,hagrid,sit,
1166,harry,grin,
1167,dumbledore,sit,
1168,harry,recognize,
1169,harry,spot,quirtell
1170,,join,harry
1171,turpin,become,
1172,harry,cross,finger
1173,harry,clap,
1174,weasley,say,
1175,mcgonagall,roll,scroll
1176,harry,look,
1177,pasty,seem,
1178,dumbledore,get,
1179,harry,know,
1180,,ask,uncertainly
1181,percy,say,
1182,mouth,fell,
1183,,see,thing
1184,dursleys,starve,harry
1185,dudley,take,
1186,harry,pile,plate
1187,ghost,say,
1188,ghost,say,
1189,ron,say,
1190,ghost,begin,stiffly
1191,nicholas,look,
1192,,seize,ear
1193,head,swing,neck
1194,nick,flip,head
1195,gryffindors,go,
1196,slytherins,get,cup
1197,harry,look,
1198,,ask,seamus
1199,nick,say,
1200,remains,fade,
1201,dessert,appear,
1202,talk,turn,
1203,seamus,say,
1204,mom,tell,
1205,others,laugh,
1206,ron,say,
1207,neville,say,
1208,algie,come,
1209,,see,face
1210,weasley,talk,
1211,harry,look,
1212,hagrid,drink,
1213,mcgonagall,talk,
1214,quirrell,talk,
1215,teacher,look,
1216,harry,clap,hand
1217,,ask,percy
1218,pain,go,
1219,,ask,percy
1220,,teach,potions
1221,,knows,lot
1222,harry,watch,snape
1223,dessert,disappear,
1224,hall,fell,
1225,year,note,
1226,eye,flash,
1227,,contact,hooch
1228,harry,laugh,
1229,percy,say,
1230,,know,that
1231,harry,notice,
1232,dumbledore,give,flick
1233,dumbledore,say,
1234,school,bellow,hogwarts
1235,,finish,song
1236,dumbledore,conduct,line
1237,gryffindor,follow,percy
1238,,climb,staircase
1239,bundle,float,
1240,percy,whisper,
1241,peeves,show,
1242,peeves,stick,tongue
1243,percy,say,
1244,,hang,portrait
1245,percy,say,
1246,neville,need,leg
1247,percy,direct,girl
1248,,find,bed
1249,ron,mutter,
1250,,chew,sheet
1251,harry,go,
1252,harry,eat,
1253,,wear,turban
1254,,see,face
1255,,see,scar
1256,whispers,follow,harry
1257,people,stand,
1258,harry,wish,
1259,people,keep,
1260,ghost,help,
1261,,drop,basket
1262,harry,manage,
1263,filch,find,
1264,filch,own,cat
1265,,patrol,corridor
1266,,break,rule
1267,filch,know,passageway
1268,student,hat,
1269,binns,drone,
1270,oddball,mix,
1271,,take,call
1272,,give,talking
1273,,change,desk
1274,,give,match
1275,mcgonagall,show,class
1276,classroom,smell,
1277,lots,come,
1278,harry,ask,ron
1279,ron,say,
1280,harry,say,
1281,mail,arrive,
1282,harry,get,
1283,hedwig,bring,
1284,harry,tear,
1285,,send,answer
1286,harry,borrow,quill
1287,harry,get,idea
1288,lesson,take,place
1289,snape,start,class
1290,malfoy,snigger,
1291,snape,finish,
1292,,speak,more
1293,many,believe,
1294,silence,follow,speech
1295,harry,exchange,look
1296,snape,say,
1297,hand,shoot,
1298,harry,say,
1299,lip,curl,
1300,,ignore,hand
1301,hermione,stretch,hand
1302,harry,force,
1303,snape,ignore,hand
1304,hermione,stand,
1305,harry,say,
1306,harry,catch,eye
1307,,copy,that
1308,snape,say,
1309,things,improve,
1310,snape,put,
1311,neville,manage,
1312,class,stand,
1313,,snarl,snape
1314,neville,whimper,
1315,mind,race,
1316,snape,hate,
1317,ron,say,
1318,,leave,castle
1319,hagrid,live,
1320,voice,ring,
1321,face,appear,
1322,kettle,boil,
1323,hagrid,say,
1324,harry,tell,hagrid
1325,hagrid,say,
1326,fang,rest,head
1327,ter,introduce,
1328,d'yeh,know,
1329,fitch,put,
1330,harry,tell,hagrid
1331,hagrid,tell,harry
1332,hagrid,say,
1333,harry,help,
1334,hagrid,ask,ron
1335,harry,wonder,
1336,harry,pick,piece
1337,investigations,continue,
1338,goblin,insist,
1339,spokesgoblin,say,
1340,harry,remember,
1341,harry,say,
1342,hagrid,meet,eye
1343,harry,read,story
1344,hagrid,empty,vault
1345,pocket,weigh,
1346,harry,think,
1347,hagrid,collect,package
1348,hagrid,know,
1349,harry,believe,
1350,lesson,start,
1351,harry,say,
1352,,make,fool
1353,ron,say,
1354,malfay,talk,
1355,,spend,most
1356,ron,tell,
1357,ron,have,argument
1358,ron,see,
1359,harry,catch,
1360,harry,felt,
1361,neville,hang,
1362,harry,have,letter
1363,owl,bring,package
1364,owl,bring,package
1365,this,tell,
1366,neville,try,
1367,harry,jump,
1368,malfoy,get,remembrall
1369,malfoy,drop,remembrall
1370,harry,hurry,
1371,harry,hear,
1372,teacher,arrive,
1373,harry,glance,
1374,,stick,hand
1375,broom,jump,
1376,granger,roll,
1377,hooch,show,
1378,hooch,say,
1379,neville,push,
1380,slip,sideways,
1381,,lay,facedown
1382,broomstick,rise,
1383,hooch,bend,
1384,harry,hear,mutter
1385,,leave,broom
1386,,see,face
1387,slytherins,join,
1388,patil,snap,
1389,parkinson,say,
1390,malfoy,say,
1391,remembrall,glitter,
1392,harry,say,
1393,malfoy,smile,
1394,harry,yell,
1395,,hovering,level
1396,harry,grab,broom
1397,granger,shout,
1398,harry,ignore,
1399,blood,pound,
1400,,mount,broom
1401,,pull,broomstick
1402,,turn,broomstick
1403,malfoy,look,
1404,harry,call,
1405,malfoy,say,
1406,harry,know,
1407,harry,make,face
1408,people,clap,
1409,harry,call,
1410,thought,seem,
1411,harry,saw,
1412,,stretch,hand
1413,heart,sink,
1414,mcgonagall,run,
1415,,break,neck
1416,harry,catch,sight
1417,,pack,bag
1418,dursleys,say,
1419,,wrench,door
1420,stomach,twist,
1421,mcgonagall,stop,
1422,,open,door
1423,,borrow,wood
1424,wood,turn,
1425,mcgonagall,say,
1426,mcgonagall,point,
1427,peeves,throw,chalk
1428,mcgonagall,slam,door
1429,,find,seeker
1430,expression,change,
1431,crisply,say,
1432,harry,nod,
1433,mcgonagall,tell,wood
1434,weasley,do,
1435,wood,look,
1436,,see,game
1437,mcgonagall,explain,
1438,wood,say,
1439,heaven,know,
1440,,look,snape
1441,harry,finish,
1442,harry,say,
1443,wood,tell,
1444,harry,say,
1445,wood,want,
1446,fred,come,
1447,george,say,
1448,wood,tell,
1449,fred,say,
1450,harry,skip,
1451,jordan,reckon,
1452,fred,disappear,
1453,,get,train
1454,harry,say,
1455,malfoy,say,
1456,ron,say,
1457,malfoy,look,
1458,ron,look,
1459,harry,say,
1460,people,die,
1461,neither,know,magic
1462,ron,suggest,
1463,ron,say,
1464,hermione,ignore,
1465,ron,mutter,
1466,harry,say,
1467,ron,say,
1468,harry,think,
1469,ron,spend,evening
1470,ember,glow,
1471,ron,say,
1472,,put,stop
1473,harry,believe,
1474,hermione,go,
1475,,follow,ron
1476,hermione,turn,
1477,lady,go,
1478,ron,say,
1479,3,go,
1480,,reach,end
1481,,find,three
1482,,tell,truth
1483,ron,say,
1484,harry,say,
1485,,remember,password
1486,,keep,voice
1487,lady,go,
1488,harry,say,
1489,neville,say,
1490,pomfrey,mend,
1491,ron,look,
1492,hermione,open,mouth
1493,harry,expect,
1494,,speed,staircase
1495,case,glimmer,
1496,cups,wink,silver
1497,harry,take,wand
1498,minute,creep,
1499,ron,whisper,
1500,noise,make,
1501,robe,whip,
1502,neville,let,squeak
1503,harry,yell,
1504,harry,pant,
1505,ron,say,
1506,hermione,say,
1507,malfoy,tip,
1508,harry,think,
1509,,go,pace
1510,,catch,sight
1511,peeves,cackle,
1512,peeves,say,
1513,ron,snap,
1514,peeves,bellow,
1515,,hear,footstep
1516,hermione,snarl,
1517,,grab,wand
1518,filch,say,
1519,peeves,say,
1520,harry,whisper,
1521,harry,turn,
1522,,take,filch
1523,harry,slam,door
1524,filch,hurry,
1525,portrait,swing,
1526,neville,look,
1527,ron,say,
1528,hermione,get,breath
1529,harry,suggest,
1530,hermione,give,
1531,dog,guard,
1532,hagrid,say,
1533,malfoy,believe,eye
1534,harry,think,
1535,harry,fill,ron
1536,ron,say,
1537,harry,say,
1538,neville,show,interest
1539,hermione,refuse,
1540,harry,rip,letter
1541,,contain,thousand
1542,,want,one
1543,wood,meet,
1544,ron,moan,
1545,,touch,one
1546,,leave,hall
1547,malfoy,seize,package
1548,ron,resist,
1549,ron,grin,
1550,comets,look,
1551,malfoy,snap,
1552,flitwick,appear,
1553,malfoy,say,
1554,flitwick,say,
1555,mcgonagall,tell,
1556,harry,say,
1557,harry,head,
1558,harry,chortle,
1559,voice,come,
1560,hermione,stomp,stair
1561,harry,say,
1562,ron,say,
1563,hermione,march,
1564,,bolt,dinner
1565,ron,sigh,
1566,harry,think,
1567,harry,leave,castle
1568,,remind,harry
1569,harry,mount,broomstick
1570,,swoop,feeling
1571,thousand,turn,
1572,wood,arrive,
1573,fie,carry,crate
1574,harry,land,
1575,wood,say,
1576,,open,crate
1577,wood,say,
1578,wood,say,
1579,chasers,throw,quaffle
1580,harry,recite,
1581,wood,say,
1582,harry,say,
1583,harry,say,
1584,,get,that
1585,wood,say,
1586,,take,this
1587,,hand,club
1588,wood,say,
1589,,show,ball
1590,harry,notice,
1591,wood,warn,harry
1592,ball,rise,
1593,harry,swing,
1594,wood,pant,
1595,bludgers,rocket,
1596,harry,reel,
1597,wood,say,
1598,bludgers,kill,
1599,harry,ask,
1600,,have,couple
1601,wood,reach,
1602,harry,shake,head
1603,,pull,bag
1604,harry,miss,one
1605,night,fall,
1606,wood,say,
1607,castle,felt,
1608,lesson,become,
1609,flitwick,announce,
1610,flitwick,put,class
1611,,forget,movement
1612,,squeak,flitwick
1613,,forget,baruffio
1614,harry,swish,
1615,ron,have,luck
1616,harry,hear,
1617,ron,snarl,
1618,hermione,roll,sleeve
1619,feather,rise,
1620,granger,do,
1621,harry,catch,glimpse
1622,ron,say,
1623,hermione,turn,
1624,,overhear,patil
1625,ron,look,
1626,feast,appear,
1627,harry,help,
1628,troll,think,
1629,,take,firecracker
1630,year,come,
1631,harry,ask,
1632,ron,say,
1633,peeves,let,
1634,,pass,group
1635,harry,grab,arm
1636,ron,bite,lip
1637,percy'd,see,
1638,,join,hufflepuffs
1639,,turn,corner
1640,,saw,percy
1641,,cross,corridor
1642,harry,whisper,
1643,harry,say,
1644,harry,sniff,
1645,ron,point,
1646,,hold,club
1647,troll,stop,
1648,,waggle,ear
1649,harry,mutter,
1650,ron,say,
1651,harry,manage,
1652,pale,say,
1653,harry,gasp,
1654,harry,pull,door
1655,granger,shrink,
1656,troll,advance,
1657,harry,say,
1658,troll,stop,foot
1659,eye,saw,harry
1660,troll,seem,
1661,shouting,seem,
1662,,take,jump
1663,troll,feel,
1664,troll,go,
1665,ron,pull,wand
1666,club,fly,
1667,troll,sway,
1668,harry,get,
1669,ron,stand,
1670,harry,say,
1671,footstep,make,
1672,mcgonagall,come,
1673,quirrell,take,look
1674,mcgonagall,look,
1675,harry,see,
1676,hopes,fade,
1677,mcgonagall,say,
1678,harry,look,
1679,snape,give,look
1680,harry,look,
1681,voice,come,
1682,hermione,manage,
1683,ron,drop,wand
1684,harry,stick,wand
1685,harry,try,
1686,granger,say,
1687,hermione,hang,head
1688,mcgonagall,say,
1689,students,finish,feast
1690,hermione,leave,
1691,mcgonagall,turn,
1692,,win,gryffindor
1693,ron,grumble,
1694,,take,hermione
1695,ron,admit,
1696,harry,remind,
1697,,reach,portrait
1698,,eat,food
1699,hermione,stand,
1700,,say,thanks
1701,granger,become,
1702,weather,turn,
1703,mountain,become,
1704,season,begin,
1705,harry,play,
1706,news,leak,
1707,people,tell,
1708,harry,learn,
1709,hermione,become,
1710,quidditch,match,
1711,harry,notice,
1712,,catch,eye
1713,,see,fire
1714,harry,show,
1715,snape,say,
1716,harry,mutter,
1717,ron,say,
1718,harry,sit,
1719,hermione,check,harry
1720,,get,answer
1721,harry,felt,
1722,,want,quidditch
1723,,tell,ron
1724,,make,way
1725,snape,leave,book
1726,,push,ajar
1727,snape,hold,robe
1728,filch,hand,bandage
1729,snape,say,
1730,harry,try,
1731,harry,gulp,
1732,harry,leave,
1733,ron,ask,
1734,harry,tell,
1735,d,bet,broomstick
1736,,snap,ron
1737,dog,guard,
1738,harry,go,
1739,neville,snore,
1740,hermione,wheedle,
1741,harry,felt,
1742,finnigan,say,
1743,harry,say,
1744,school,seem,
1745,ron,join,neville
1746,,paint,banner
1747,,say,potter
1748,hermione,perform,charm
1749,harry,change,
1750,slytherin,play,
1751,wood,clear,throat
1752,johnson,say,
1753,wood,agree,
1754,weasley,say,
1755,george,say,
1756,fred,tell,harry
1757,wood,say,
1758,harry,follow,fred
1759,hooch,referee,
1760,harry,notice,
1761,harry,think,
1762,,saw,banner
1763,heart,skip,
1764,,felt,braver
1765,,mount,broom
1766,harry,clamber,
1767,hooch,give,blast
1768,broom,rise,
1769,friend,do,commentary
1770,flint,gain,quaffle
1771,that,hurt,
1772,,dodge,bludger
1773,cheer,fill,air
1774,budge,move,
1775,ron,squeeze,
1776,hagrid,say,
1777,ron,say,
1778,hagrid,say,
1779,harry,glide,
1780,wood,say,
1781,harry,do,loop
1782,,catch,sight
1783,murmur,run,
1784,harry,saw,
1785,higgs,see,
1786,chasers,seem,
1787,,put,wham
1788,flint,block,harry
1789,,scream,gryffindors
1790,hooch,speak,
1791,snitch,disappear,
1792,thomas,yell,
1793,ron,say,
1794,,show,card
1795,ron,remind,
1796,,change,rule
1797,coulda,knock,air
1798,jordan,find,
1799,broom,give,lurch
1800,,grip,broom
1801,thousands,decide,
1802,lee,commentate,
1803,,pass,bell
1804,slytherins,cheer,
1805,one,seem,
1806,hagrid,mumble,
1807,people,point,
1808,broom,start,
1809,crowd,gasp,
1810,broom,give,jerk
1811,seamus,whisper,
1812,hermione,seize,binoculars
1813,ron,grab,binoculars
1814,hermione,say,
1815,hermione,disappear,
1816,ron,turn,binoculars
1817,flint,seize,quaffle
1818,ron,mutter,
1819,flame,shoot,
1820,,take,second
1821,yelp,tell,
1822,snape,know,
1823,ron,say,
1824,neville,sob,
1825,harry,speed,
1826,,get,snitch
1827,gryffindor,win,
1828,harry,hear,none
1829,,make,cup
1830,,take,eye
1831,hagrid,say,
1832,harry,look,
1833,harry,decide,
1834,,tell,hagrid
1835,hagrid,drop,teapot
1836,harry,say,
1837,gruffly,say,
1838,snape,try,
1839,hagrid,say,
1840,event,seem,
1841,,know,jinx
1842,hagrid,say,
1843,,forget,dog
1844,harry,say,
1845,hagrid,look,
1846,christmas,come,
1847,hogwarts,wake,
1848,lake,freeze,
1849,corridor,become,
1850,malfoy,say,
1851,crabbe,chuckle,
1852,harry,ignore,
1853,malfoy,go,
1854,mcgonagall,come,
1855,ron,stay,
1856,,find,tree
1857,hi,want,help
1858,ron,ask,
1859,drawl,come,
1860,ron,dive,
1861,ron,let,
1862,hagrid,say,
1863,silkily,say,
1864,malfoy,push,
1865,ron,say,
1866,harry,say,
1867,hagrid,say,
1868,,tell,yeh
1869,three,follow,hagrid
1870,hall,look,
1871,festoons,hang,
1872,hagrid,ask,
1873,hermione,say,
1874,ron,say,
1875,hagrid,say,
1876,harry,tell,
1877,hagrid,look,
1878,hermione,say,
1879,harry,add,
1880,,give,hint
1881,hagrid,say,
1882,ron,say,
1883,,search,book
1884,hermione,take,list
1885,harry,wander,
1886,,need,note
1887,harry,say,
1888,librarian,brandish,duster
1889,harry,leave,library
1890,harry,wait,
1891,ron,join,
1892,hermione,say,
1893,,send,owl
1894,ron,say,
1895,hermione,say,
1896,ron,have,good
1897,ron,start,
1898,ron,know,
1899,harry,play,
1900,,see,knight
1901,harry,go,
1902,ron,say,
1903,harry,say,
1904,,get,present
1905,ron,say,
1906,harry,pick,parcel
1907,hagrid,whittle,
1908,parcel,contain,note
1909,,receive,message
1910,harry,say,
1911,harry,say,
1912,hagrid,send,these
1913,ron,say,
1914,harry,tear,
1915,ron,say,
1916,harry,say,
1917,present,contain,candy
1918,this,leave,parcel
1919,harry,pick,
1920,gray,go,
1921,ron,gasp,
1922,harry,pick,cloth
1923,ron,say,
1924,harry,throw,cloak
1925,harry,look,
1926,,pull,cloak
1927,ron,say,
1928,note,fell,
1929,harry,pull,cloak
1930,father,leave,this
1931,harry,star,
1932,ron,admire,cloak
1933,harry,say,
1934,,send,cloak
1935,harry,stuff,cloak
1936,harry,get,sweater
1937,fred,wear,sweater
1938,fred,say,
1939,,make,more
1940,george,demand,
1941,ron,moan,
1942,george,observe,
1943,weasley,stick,head
1944,harry,get,one
1945,percy,say,
1946,george,say,
1947,arm,pin,
1948,dumbledore,swap,hat
1949,pudding,follow,turkey
1950,percy,break,teeth
1951,harry,watch,
1952,mouse,disappear,
1953,harry,spend,afternoon
1954,ron,fell,
1955,harry,lean,
1956,note,say,
1957,,saw,moonlight
1958,harry,felt,
1959,excitement,flood,
1960,ron,grunt,
1961,harry,wake,
1962,,squawk,lady
1963,harry,say,
1964,harry,light,lamp
1965,sight,give,creep
1966,,hold,lamp
1967,,tell,much
1968,letter,spell,word
1969,harry,understand,
1970,hair,prickle,
1971,volume,catch,eye
1972,book,scream,
1973,harry,snap,
1974,shriek,ring,
1975,,pay,attention
1976,harry,felt,
1977,filch,know,shortcut
1978,harry,stand,
1979,cloak,stop,
1980,door,stand,
1981,,erised,oyt
1982,harry,move,
1983,heart,pound,
1984,harry,look,
1985,woman,smile,
1986,,reach,hand
1987,harry,think,
1988,man,put,arm
1989,,wear,glass
1990,harry,look,
1991,potters,smile,
1992,reflection,fade,
1993,,tear,eye
1994,ron,say,
1995,ron,say,
1996,ron,say,
1997,,show,people
1998,harry,eat,
1999,,see,parent
2000,ron,say,
2001,ron,say,
2002,harry,hiss,
2003,,pass,ghost
2004,harry,spot,suit
2005,,push,door
2006,harry,drop,cloak
2007,mother,beam,
2008,harry,whisper,
2009,look,stand,
2010,harry,step,
2011,ron,star,transfix
2012,ron,tear,eye
2013,,give,time
2014,ron,throw,cloak
2015,cloak,work,
2016,ron,pull,harry
2017,snow,melt,
2018,ron,say,
2019,,get,feeling
2020,filch,wander,
2021,,find,way
2022,harry,sink,
2023,harry,felt,
2024,harry,walk,
2025,dumbledore,say,
2026,dumbledore,say,
2027,,show,family
2028,dumbledore,say,
2029,harry,shake,head
2030,that,help,
2031,harry,think,
2032,,want,whatever
2033,dumbledore,say,
2034,weasley,see,
2035,mirror,give,knowledge
2036,men,waste,
2037,,remember,that
2038,,put,cloak
2039,harry,stand,
2040,dumbledore,smile,
2041,,ask,thing
2042,harry,star,
2043,dumbledore,say,
2044,christmas,come,
2045,people,insist,
2046,dumbledore,convince,harry
2047,harry,wish,
2048,ron,say,
2049,hermione,take,view
2050,filch,catch,
2051,,give,hope
2052,wood,work,team
2053,rain,dampen,spirit
2054,weasleys,complain,
2055,,overtake,slytherin
2056,harry,find,
2057,wood,give,bit
2058,weasley,fall,
2059,,referee,match
2060,rest,land,
2061,wood,say,
2062,snape,get,excuse
2063,rest,hang,
2064,ron,say,
2065,,catch,sight
2066,harry,tell,two
2067,hermione,say,
2068,ron,say,
2069,hermione,suggest,
2070,ron,say,
2071,harry,say,
2072,gryffindor,play,
2073,neville,topple,
2074,leg,spring,
2075,hermione,ask,
2076,neville,say,
2077,hermione,urge,neville
2078,neville,shake,head
2079,ron,say,
2080,neville,choke,
2081,harry,felt,
2082,harry,say,
2083,lip,twitch,
2084,harry,look,
2085,,find,flamel
2086,hermione,jump,
2087,,get,this
2088,ron,say,
2089,ron,say,
2090,hermione,ignore,
2091,harry,say,
2092,look,read,that
2093,,push,book
2094,stone,transform,metal
2095,,produce,elixir
2096,flamel,enjoy,life
2097,hermione,say,
2098,dog,guard,stone
2099,harry,say,
2100,ron,say,
2101,,tell,ron
2102,slytherins,think,
2103,,wipe,smile
2104,hermione,say,
2105,harry,become,
2106,one,do,
2107,harry,know,
2108,snape,know,
2109,harry,know,
2110,harry,hear,word
2111,ron,find,place
2112,harry,know,
2113,,get,idea
2114,ron,snap,
2115,wood,take,harry
2116,,favor,hufflepuff
2117,weasley,say,
2118,harry,laugh,
2119,,tell,hermione
2120,,look,-they're
2121,,poke,ron
2122,malfoy,grin,
2123,,want,bet
2124,snape,award,penalty
2125,hermione,squint,
2126,malfoy,say,
2127,,get,brain
2128,neville,go,
2129,harry,say,
2130,harry,go,
2131,hermione,stand,
2132,malfoy,say,
2133,ron,snap,
2134,neville,hesitate,
2135,hermione,scream,
2136,snape,turn,broomstick
2137,harry,jump,
2138,harry,felt,hand
2139,dumbledore,say,
2140,nice,keep,
2141,snape,spat,
2142,harry,leave,room
2143,air,smell,
2144,ron,cheer,
2145,harry,reach,shed
2146,,show,snape
2147,figure,come,
2148,victory,fade,
2149,,recognize,walk
2150,snape,go,
2151,harry,jump,
2152,,stand,snape
2153,harry,make,look
2154,harry,strain,
2155,don't,know,
2156,snape,say,
2157,harry,lean,
2158,quirrell,mumble,
2159,snape,interrupt,
2160,snape,say,
2161,owl,hoot,
2162,snape,cut,
2163,,throw,cloak
2164,hermione,squeak,
2165,,shout,ron
2166,,give,eye
2167,harry,say,
2168,arts,spell,
2169,hermione,say,
2170,ron,say,
2171,time,press,ear
2172,snape,sweep,
2173,,give,sort
2174,hermione,snap,
2175,ron,remind,
2176,teacher,seem,
2177,,pile,homework
2178,moaning,spend,most
2179,ron,burst,
2180,harry,look,
2181,hagrid,shuffle,
2182,ron,say,
2183,hagrid,look,
2184,shhhh,say,
2185,hagrid,say,
2186,harry,say,
2187,hagrid,shuffle,
2188,hermione,say,
2189,ron,say,
2190,hagrid,look,stuff
2191,harry,say,
2192,ron,say,
2193,,know,that
2194,,see,burn
2195,charlie,get,one
2196,harry,say,
2197,ron,say,
2198,hermione,say,
2199,hagrid,call,
2200,hagrid,make,
2201,yeh,want,
2202,harry,say,
2203,hagrid,frown,
2204,don,know,
2205,yeh,know,much
2206,'s,fer,reason
2207,hermione,say,
2208,beard,twitch,
2209,hermione,go,
2210,chest,swell,
2211,harry,beam,
2212,,tell,yeh
2213,,borrow,fluffy
2214,harry,know,
2215,harry,say,
2216,hagrid,say,
2217,harry,mutter,
2218,hagrid,say,
2219,harry,notice,glance
2220,harry,look,
2221,hagrid,say,
2222,ron,say,
2223,,cost,fortune
2224,hagrid,say,
2225,,havin',drink
2226,hermione,say,
2227,hagrid,say,
2228,ter,recognize,egg
2229,hagrid,listen,
2230,ron,sigh,
2231,hermione,start,
2232,hedwig,bring,note
2233,,write,word
2234,ron,want,
2235,hermione,hear,
2236,harry,whisper,
2237,,hear,much
2238,harry,like,look
2239,ron,argue,
2240,three,drop,trowel
2241,hagrid,greet,
2242,egg,lie,
2243,noise,come,
2244,,draw,chair
2245,dragon,flop,
2246,harry,think,
2247,couple,fly,
2248,hagrid,murmur,
2249,,reach,hand
2250,,know,mommy
2251,hagrid,say,
2252,hermione,say,
2253,harry,bolt,
2254,malfoy,see,dragon
2255,,spend,most
2256,harry,urge,
2257,hagrid,say,
2258,smoke,keep,
2259,hagrid,do,duty
2260,hagrid,say,
2261,ron,mutter,
2262,harry,say,
2263,norbert,go,
2264,malfoy,go,
2265,hagrid,bite,lip
2266,harry,turn,
2267,ron,say,
2268,,studying,dragon
2269,,send,norbert
2270,charlie,take,care
2271,ron,say,
2272,hagrid,agree,
2273,night,find,
2274,clock,chime,midnight
2275,ron,appear,
2276,harry,say,
2277,three,put,head
2278,,send,answer
2279,harry,say,
2280,hand,swell,
2281,,recognize,bite
2282,cut,turn,shade
2283,harry,rush,
2284,malfoy,tell,pomfrey
2285,harry,try,
2286,hermione,say,
2287,,sit,bolt
2288,pomfrey,come,
2289,harry,tell,hermione
2290,,get,time
2291,malfoy,know,
2292,norbert,handle,
2293,eye,fill,
2294,,get,boot
2295,baby,bang,tail
2296,hagrid,say,
2297,,pack,bear
2298,mommy,forget,
2299,midnight,tick,
2300,one,make,
2301,harry,pant,
2302,movement,make,
2303,lamp,flare,
2304,,get,dragon
2305,,tell,lie
2306,,see,snape
2307,staircase,seem,
2308,,throw,cloak
2309,malfoy,get,detention
2310,harry,advise,
2311,,suspend,norbert
2312,harry,shake,hand
2313,norbert,go,
2314,,slip,light
2315,,spoil,happiness
2316,answer,wait,
2317,face,loom,
2318,,leave,cloak
2319,filch,take,
2320,hermione,tremble,
2321,story,chase,other
2322,,add,norbert
2323,harry,think,
2324,neville,burst,
2325,filch,say,
2326,,explain,yourselves
2327,mcgonagall,say,
2328,,take,genius
2329,,feed,story
2330,harry,catch,eye
2331,harry,know,
2332,mcgonagall,say,
2333,,lose,lead
2334,mcgonagall,say,
2335,professor,tell,
2336,point,lose,
2337,that,put,gryffindor
2338,,ruin,chance
2339,harry,felt,
2340,harry,sleep,
2341,harry,think,
2342,gryffindors,pass,hourglass
2343,ravenclaws,turn,
2344,people,point,
2345,,owe,one
2346,ron,stand,
2347,,forget,this
2348,fred,lose,load
2349,harry,say,
2350,ron,admit,
2351,wood,thunder,
2352,quidditch,lose,fun
2353,rest,speak,
2354,hermione,suffer,
2355,hermione,stop,
2356,resolution,interfere,
2357,,hear,voice
2358,harry,move,
2359,,hear,sob
2360,harry,think,
2361,,gamble,stones
2362,quirrell,seem,
2363,harry,go,
2364,harry,tell,
2365,ron,say,
2366,hermione,say,
2367,ron,say,
2368,light,kindle,
2369,,get,proof
2370,harry,say,
2371,snape,get,
2372,dumbledore'll,think,
2373,that,take,lot
2374,hermione,look,
2375,,do,poke
2376,,pull,map
2377,detention,take,place
2378,harry,forget,
2379,,say,bye
2380,harry,forget,
2381,filch,say,
2382,,get,chain
2383,neville,keep,
2384,harry,wonder,
2385,harry,see,window
2386,,hear,shout
2387,relief,show,
2388,neville,let,moan
2389,neville,clutch,sleeve
2390,filch,say,
2391,hagrid,come,
2392,,carry,crossbow
2393,filch,say,
2394,hagrid,say,
2395,malfoy,turn,
2396,hagrid,say,
2397,yeh've,do,get
2398,hagrid,growl,
2399,yeh,think,
2400,hagrid,say,
2401,don,want,risk
2402,,point,track
2403,breeze,lift,hair
2404,hagrid,say,
2405,bin,hurt,
2406,,find,one
2407,malfoy,say,
2408,hagrid,say,
2409,an,follow,trail
2410,malfoy,say,
2411,hagrid,say,
2412,,reach,fork
2413,ray,light,spot
2414,harry,saw,
2415,werewolf,kill,unicorn
2416,harry,ask,
2417,hagrid,say,
2418,hagrid,whisper,
2419,,get,tree
2420,hagrid,seize,harry
2421,,pull,arrow
2422,three,listen,
2423,hagrid,squint,path
2424,harry,suggest,
2425,hagrid,say,
2426,hagrid,call,
2427,harry,drop,
2428,hagrid,say,
2429,ronan,say,
2430,hagrid,say,
2431,hermione,say,
2432,ronan,say,
2433,,learn,much
2434,hermione,say,
2435,ronan,sigh,
2436,,fling,head
2437,hagrid,say,
2438,ronan,answer,
2439,hagrid,say,
2440,ronan,repeat,
2441,hagrid,say,
2442,yeh,notice,
2443,ronan,take,while
2444,forest,hide,secret
2445,movement,make,
2446,hagrid,say,
2447,yeh,know,anythin
2448,bane,walk,
2449,hagrid,say,
2450,harry,follow,
2451,,try,an
2452,,ask,hermione
2453,,know,thing
2454,don,let,much
2455,harry,say,
2456,that,sound,
2457,unicorn,hear,
2458,harry,keep,
2459,,pass,bend
2460,hagrid,shout,
2461,minute,drag,
2462,ear,seem,
2463,harry,seem,
2464,noise,announce,return
2465,hagrid,fume,
2466,malfoy,sneak,
2467,neville,panic,
2468,hagrid,add,
2469,harry,set,
2470,harry,think,
2471,harry,see,clearing
2472,harry,see,
2473,harry,take,step
2474,bush,quiver,
2475,harry,stand,
2476,figure,reach,unicorn
2477,blood,dribble,
2478,,hear,hoof
2479,,take,minute
2480,figure,go,
2481,centaur,say,
2482,centaur,answer,
2483,bane,thunder,
2484,firenze,say,
2485,ronan,paw,ground
2486,bane,kick,leg
2487,firenze,rear,
2488,firenze,bellow,
2489,planet,let,
2490,,warn,harry
2491,,make,way
2492,harry,say,
2493,,use,hair
2494,firenze,say,
2495,one,commit,crime
2496,blood,keep,
2497,blood,touch,lip
2498,harry,star,
2499,,wonder,aloud
2500,firenze,agree,
2501,some,say,
2502,harry,croak,
2503,hermione,run,
2504,harry,say,
2505,harry,slide,
2506,firenze,say,
2507,ron,fall,
2508,harry,sit,
2509,ron,say,
2510,harry,listen,
2511,bane,think,
2512,ron,hiss,
2513,hermione,look,
2514,,say,dumbledore
2515,sky,turn,
2516,harry,remember,
2517,day,creep,
2518,,swelter,hot
2519,,give,quill
2520,flitwick,call,
2521,snape,make,
2522,neville,think,
2523,idea,scar,
2524,harry,help,
2525,hermione,say,
2526,hermione,like,
2527,twin,tickle,tentacle
2528,ron,sigh,
2529,harry,rub,forehead
2530,hermione,suggest,
2531,harry,say,
2532,harry,relax,
2533,,have,proof
2534,neville,play,quidditch
2535,harry,nod,
2536,hermione,say,
2537,,watch,flutter
2538,hagrid,betray,dumbledore
2539,hagrid,tell,
2540,harry,jump,
2541,ron,say,
2542,harry,say,
2543,harry,say,
2544,people,wander,
2545,ron,say,
2546,time,fer,drink
2547,ron,say,
2548,yeh,get,folk
2549,,keep,hood
2550,harry,sink,
2551,,mention,hogwarts
2552,hagrid,say,
2553,,ask,bit
2554,,play,card
2555,didn,want,
2556,harry,ask,
2557,,tell,cake
2558,hagrid,look,
2559,shouldn'ta,tell,that
2560,yeh,goin',
2561,harry,speak,
2562,harry,say,
2563,firenze,back,
2564,three,do,
2565,harry,think,
2566,dumbledore,see,
2567,mcgonagall,repeat,
2568,harry,swallow,
2569,,receive,owl
2570,harry,say,
2571,harry,say,
2572,book,tumble,
2573,that,sn-,
2574,harry,say,
2575,snape,go,
2576,,send,note
2577,hermione,gasp,
2578,harry,wheel,
2579,snape,stand,
2580,harry,begin,
2581,snape,say,
2582,people,think,
2583,harry,flush,
2584,harry,turn,
2585,ron,say,
2586,,put,voice
2587,hermione,say,
2588,harry,tell,ron
2589,part,work,
2590,,reach,door
2591,,take,point
2592,harry,go,
2593,harry,say,
2594,two,star,
2595,ron,say,
2596,hermione,say,
2597,harry,shout,whap
2598,voldemort,come,
2599,hermione,say,
2600,harry,say,
2601,,cover,three
2602,ron,say,
2603,briskly,say,
2604,hermione,say,
2605,flitwick,tell,
2606,three,sit,
2607,hermione,skim,
2608,harry,talk,
2609,both,think,
2610,room,empty,
2611,ron,mutter,
2612,harry,run,
2613,,putt,cloak
2614,voice,say,
2615,neville,appear,
2616,harry,say,
2617,neville,star,
2618,hermione,say,
2619,harry,look,
2620,snape,play,fluffy
2621,neville,say,
2622,harry,say,
2623,neville,steel,
2624,neville,say,
2625,ron,say,
2626,,take,step
2627,neville,say,
2628,harry,turn,
2629,hermione,step,
2630,,raise,wand
2631,arm,snap,
2632,leg,spring,
2633,hermione,run,
2634,eye,move,
2635,harry,whisper,
2636,miserably,say,
2637,harry,say,
2638,ron,say,
2639,breath,sound,
2640,,spot,norris
2641,ron,whisper,
2642,norris,turn,eye
2643,peeves,bob,
2644,,narrow,eye
2645,,call,filch
2646,peeves,fell,
2647,,forgive,peevsie
2648,harry,croak,
2649,peeves,say,
2650,harry,say,
2651,harry,turn,
2652,ron,say,
2653,hermione,say,
2654,harry,push,door
2655,growl,meet,ear
2656,three,sniff,
2657,hermione,whisper,
2658,ron,say,
2659,snape,leave,
2660,harry,say,
2661,,put,flute
2662,harry,draw,breath
2663,ron,warn,harry
2664,,feel,breath
2665,ron,say,
2666,ron,grit,teeth
2667,hermione,say,
2668,harry,wave,
2669,ron,say,
2670,,give,flute
2671,harry,hand,flute
2672,dog,growl,
2673,harry,climb,
2674,ron,say,
2675,harry,let,
2676,air,rush,
2677,ron,follow,
2678,music,stop,
2679,ron,say,
2680,hermione,manage,
2681,hermione,order,
2682,,snarl,ron
2683,hermione,say,
2684,harry,gasp,
2685,sprout,say,
2686,,like,dark
2687,,light,fire
2688,harry,choke,
2689,hermione,cry,
2690,ron,bellow,
2691,hermione,say,
2692,boy,felt,
2693,harry,say,
2694,ron,say,
2695,harry,say,
2696,passageway,slop,
2697,ron,whisper,
2698,harry,listen,
2699,rustling,seem,
2700,,reach,end
2701,ron,say,
2702,harry,say,
2703,,take,breath
2704,,pull,handle
2705,two,follow,
2706,ron,say,
2707,hermione,say,
2708,harry,say,
2709,key,look,
2710,that,mean,
2711,ron,examine,lock
2712,,seize,broomstick
2713,,notice,key
2714,ron,go,
2715,harry,call,
2716,harry,lean,
2717,ron,echo,
2718,key,take,flight
2719,harry,ask,two
2720,,pull,door
2721,light,flood,room
2722,harry,whisper,
2723,ron,say,
2724,,see,door
2725,hermione,say,
2726,stone,spring,
2727,horse,paw,ground
2728,knight,nod,
2729,ron,turn,
2730,harry,stay,
2731,harry,say,
2732,,take,place
2733,ron,say,
2734,chessman,seem,
2735,ron,say,
2736,pawn,move,square
2737,ron,start,
2738,knee,tremble,
2739,,move,square
2740,shock,come,
2741,queen,smash,
2742,leaves,go,
2743,piece,show,mercy
2744,ron,notice,
2745,ron,say,
2746,harry,shout,
2747,,snap,ron
2748,ron,call,pale
2749,,strike,ron
2750,harry,move,space
2751,king,take,crown
2752,chessman,part,
2753,look,charge,
2754,harry,say,
2755,mcgonagall,transfigure,chessman
2756,,reach,door
2757,harry,whisper,
2758,harry,push,
2759,smell,fill,nostril
2760,eyes,water,troll
2761,harry,whisper,
2762,harry,say,
2763,flame,shoot,
2764,hermione,seize,roll
2765,another,transport,drinker
2766,,give,clue
2767,hermione,let,sigh
2768,hermione,say,
2769,hermione,say,
2770,,give,minute
2771,hermione,read,paper
2772,,clap,hand
2773,harry,look,
2774,hermione,point,
2775,harry,say,
2776,harry,say,
2777,lip,tremble,
2778,harry,say,
2779,hermione,say,
2780,harry,say,
2781,hermione,say,
2782,,take,drink
2783,harry,say,
2784,luck,take,care
2785,hermione,turn,
2786,harry,take,breath
2787,quirrell,smile,
2788,face,twitch,
2789,quirrell,laugh,
2790,,suspect,quirrell
2791,harry,take,
2792,snape,try,
2793,friend,knock,
2794,,break,contact
2795,snape,try,
2796,quirrell,say,
2797,quirrell,snap,finger
2798,ropes,spring,
2799,quirrell,murmur,
2800,harry,think,
2801,quirrell,say,
2802,quirrell,come,
2803,,see,stone
2804,harry,struggle,
2805,snape,seem,
2806,heaven,say,
2807,,loathe,other
2808,spasm,flit,
2809,harry,gasp,
2810,quirrell,say,
2811,voldemort,show,
2812,quirrell,shiver,
2813,,forgive,mistake
2814,voice,trail,
2815,,see,quirrell
2816,quirrell,curse,
2817,mind,race,
2818,which,mean,
2819,quirrell,ignore,
2820,voice,answer,
2821,,use,boy
2822,quirrell,round,
2823,,clap,hand
2824,harry,get,
2825,quirrell,repeat,
2826,harry,walk,
2827,quirrell,move,
2828,harry,breathe,
2829,,close,eye
2830,,saw,reflection
2831,reflection,smile,
2832,,put,hand
2833,harry,felt,drop
2834,,get,stone
2835,quirrell,say,
2836,harry,screw,courage
2837,,win,cup
2838,quirrell,curse,
2839,,felt,stone
2840,,make,break
2841,quirrell,shout,
2842,,tell,truth
2843,voice,speak,
2844,harry,felt,
2845,,move,muscle
2846,turban,fell,
2847,head,look,
2848,harry,scream,
2849,harry,try,
2850,face,say,
2851,blood,strengthen,
2852,,give,stone
2853,feeling,surge,
2854,face,snarl,
2855,,save,life
2856,harry,shout,
2857,quirrell,walk,
2858,face,smile,
2859,,value,bravery
2860,,kill,father
2861,,give,stone
2862,harry,spring,
2863,harry,felt,
2864,scar,blind,
2865,quirrell,let,
2866,harry,see,
2867,,screech,voldemort
2868,quirrell,raise,hand
2869,quirrell,roll,
2870,harry,jump,
2871,quirrell,scream,
2872,,hear,shriek
2873,voice,cry,
2874,dumbledore,say,
2875,harry,star,
2876,,get,stone
2877,dumbledore,say,
2878,harry,swallow,
2879,dumbledore,say,
2880,school,know,
2881,pomfrey,felt,
2882,quirrell,manage,
2883,,get,owl
2884,,reach,london
2885,boy,kill,
2886,blankly,say,
2887,dumbledore,say,
2888,nicolas,have,chat
2889,dumbledore,smile,
2890,harry,lay,
2891,dumbledore,hum,little
2892,harry,say,
2893,,use,name
2894,fear,increase,fear
2895,,show,mercy
2896,harry,take,
2897,harry,nod,
2898,dumbledore,sigh,
2899,,answer,question
2900,voldemort,say,
2901,dumbledore,sigh,
2902,harry,know,
2903,quirrell,touch,
2904,mother,die,
2905,,give,protection
2906,quirrell,touch,
2907,dumbledore,become,
2908,harry,say,
2909,father,happen,
2910,eye,twinkle,
2911,father,use,
2912,quirrell,say,
2913,quirrell,say,
2914,,detest,other
2915,,save,life
2916,dumbledore,say,
2917,snape,bear,
2918,harry,try,
2919,harry,plead,
2920,,need,rest
2921,hermione,look,
2922,ron,say,
2923,harry,tell,
2924,stone,go,
2925,ron,say,
2926,flamel,go,
2927,ron,say,
2928,harry,say,
2929,hermione,say,
2930,ron,say,
2931,,sending,cloak
2932,harry,say,
2933,ron,say,
2934,pomfrey,bustle,
2935,harry,felt,
2936,,tell,pomfrey
2937,harry,say,
2938,hagrid,sidle,
2939,hagrid,look,
2940,,tell,git
2941,yeh,die,
2942,all,fer,egg
2943,yeh,die,
2944,,sob,hagrid
2945,name,say,
2946,,get,load
2947,hagrid,wipe,nose
2948,,get,present
2949,harry,say,
2950,dumbledore,give,day
2951,,get,this
2952,harry,open,
2953,harry,speak,
2954,harry,make,way
2955,banner,cover,wall
2956,dumbledore,arrive,
2957,babble,die,
2958,year,go,
2959,dumbledore,say,
2960,storm,break,
2961,harry,see,
2962,dumbledore,say,
2963,room,go,
2964,smile,fade,
2965,dumbledore,say,
2966,,award,house
2967,star,seem,
2968,,award,house
2969,harry,suspect,
2970,dumbledore,say,
2971,,award,point
2972,din,deafen,
2973,those,know,
2974,dumbledore,raise,hand
2975,room,fell,
2976,dumbledore,say,
2977,,take,deal
2978,harry,stand,
2979,harry,cheer,
2980,,need,change
2981,,clap,hand
2982,serpent,vanish,
2983,snape,shake,hand
2984,this,worry,harry
2985,harry,forget,
2986,neville,scrap,
2987,,board,express
2988,,take,while
2989,,attract,attention
2990,both,say,
2991,,send,owl
2992,thanks,need,
2993,people,jostle,
2994,some,call,
2995,ron,say,
2996,harry,say,
2997,weasley,smile,
2998,harry,say,
2999,,stand,petunia
3000,weasley,say,
3001,vernon,say,
3002,harry,hang,
3003,hermione,say,
3004,harry,say,
